index,degree,cohort,gender,school,test,total_cfu,total_cfu_g,avg_g,math_course_g,math_course_d
0,CdS4,2016,M,LS,9.75,63,60,26,25,2017-02-23
1,CdS3,2015,F,LS,12.0,12,12,23,0,0000-00-00
2,CdS4,2014,M,TC,13.0,24,24,27,0,0000-00-00
3,CdS3,2015,F,LC,8.0,36,33,25,20,2016-09-20
4,CdS4,2012,M,AL,6.0,3,0,0,0,0000-00-00
5,CdS4,2016,M,IT,6.5,39,36,22,0,0000-00-00
6,CdS4,2011,F,LS,12.0,36,36,23,21,2012-02-10
7,CdS3,2011,F,LS,9.0,42,42,27,21,2014-09-17
8,CdS4,2016,M,LS,3.75,48,48,21,18,2017-02-02
9,CdS4,2010,M,IT,15.0,51,48,27,19,2016-02-24
10,CdS3,2011,M,AL,8.0,30,30,27,21,2014-09-17
11,CdS4,2012,M,IT,11.0,36,36,23,18,2013-02-07
12,CdS3,2012,M,LS,14.0,27,27,27,0,0000-00-00
13,CdS4,2013,M,IT,6.0,39,36,22,18,2015-06-18
14,CdS3,2015,F,IP,2.0,24,21,25,0,0000-00-00
15,CdS3,2010,F,IA,15.0,21,21,27,0,0000-00-00
16,CdS3,2010,M,LS,16.0,35,33,23,21,2011-07-06
17,CdS4,2016,M,IT,-0.75,27,24,26,0,0000-00-00
18,CdS4,2012,M,AL,6.0,24,24,22,0,0000-00-00
19,CdS4,2015,F,LS,21.0,48,48,26,22,2016-02-24
20,CdS4,2012,M,LS,7.0,27,24,24,23,2013-07-02
21,CdS4,2013,F,IT,16.0,15,12,23,18,2017-07-13
22,CdS3,2016,F,LS,12.5,36,33,26,24,2017-06-27
23,CdS4,2011,M,LS,13.0,27,24,23,20,2015-01-15
24,CdS4,2016,M,TC,1.5,12,12,23,0,0000-00-00
25,CdS3,2014,M,IP,3.0,21,18,20,0,0000-00-00
26,CdS4,2015,F,LS,10.0,36,36,23,19,2016-07-11
27,CdS4,2012,F,AL,8.0,36,36,24,19,2016-07-11
28,CdS4,2014,M,LS,17.0,27,24,23,19,2015-02-05
29,CdS3,2015,F,LS,17.0,36,33,27,28,2017-01-18
30,CdS3,2013,F,LS,7.0,6,6,24,0,0000-00-00
31,CdS4,2010,M,IP,15.0,15,12,22,0,0000-00-00
32,CdS4,2015,M,LS,16.0,63,60,28,24,2016-02-24
33,CdS4,2015,M,IT,15.0,39,36,27,18,2018-02-22
34,CdS4,2013,F,LS,14.0,48,48,24,25,2014-02-27
35,CdS4,2013,M,IT,11.0,12,12,22,0,0000-00-00
36,CdS3,2011,M,LS,14.0,27,24,26,23,2012-09-14
37,CdS3,2016,M,LS,11.5,30,27,27,0,0000-00-00
38,CdS4,2011,M,LS,19.0,24,24,27,18,2014-01-16
39,CdS3,2016,F,LS,7.75,48,45,25,22,2017-06-13
40,CdS3,2011,M,AL,9.0,12,12,24,20,2015-01-15
41,CdS4,2012,M,IT,12.0,39,36,25,24,2013-02-28
42,CdS3,2016,M,LS,4.25,9,9,27,0,0000-00-00
43,CdS4,2016,M,TC,-1.25,24,24,24,0,0000-00-00
44,CdS4,2011,F,LS,14.0,3,0,0,0,0000-00-00
45,CdS4,2013,M,IT,17.0,24,24,26,18,2015-06-18
46,CdS4,2010,F,LS,14.0,60,57,26,24,2011-09-23
47,CdS3,2016,M,IT,4.0,6,6,28,0,0000-00-00
48,CdS4,2015,M,LS,15.0,39,36,23,0,0000-00-00
49,CdS3,2015,F,LS,17.0,6,6,25,0,0000-00-00
50,CdS4,2012,M,LS,13.0,39,36,23,18,2013-01-15
51,CdS3,2016,F,LS,5.0,3,0,0,0,0000-00-00
52,CdS3,2016,M,LS,6.0,24,24,22,18,2017-06-27
53,CdS3,2015,M,LS,11.0,24,21,23,0,0000-00-00
54,CdS3,2016,F,IT,-1.75,6,6,21,0,0000-00-00
55,CdS4,2011,M,IT,9.0,3,0,0,0,0000-00-00
56,CdS3,2016,F,LC,6.75,42,42,28,25,2017-06-27
57,CdS3,2013,M,IT,3.0,45,42,27,31,2014-09-17
58,CdS3,2016,M,AL,2.0,27,24,20,21,2017-06-27
59,CdS3,2015,M,AL,13.0,33,33,24,18,2016-07-13
60,CdS4,2012,M,LS,9.0,3,0,0,0,0000-00-00
61,CdS3,2014,F,LL,16.0,36,33,26,0,0000-00-00
62,CdS3,2015,F,IA,10.0,30,27,23,20,2016-07-13
63,CdS4,2010,F,LC,11.0,42,39,28,26,2013-01-15
64,CdS3,2013,M,LS,15.0,12,12,28,0,0000-00-00
65,CdS3,2016,M,TC,5.0,9,6,30,0,0000-00-00
66,CdS3,2016,F,IT,6.25,9,6,26,0,0000-00-00
67,CdS3,2010,F,LS,18.0,24,24,29,24,2013-02-07
68,CdS3,2012,F,LS,13.0,12,12,31,0,0000-00-00
69,CdS4,2011,M,IT,6.0,12,12,27,0,0000-00-00
70,CdS4,2012,M,IT,15.0,39,36,25,28,2013-02-07
71,CdS4,2016,F,LL,5.5,27,24,28,0,0000-00-00
72,CdS4,2014,M,LS,20.0,48,48,27,23,2015-01-15
73,CdS4,2013,M,AL,14.0,27,24,25,0,0000-00-00
74,CdS4,2013,F,IT,15.0,51,48,26,25,2014-02-27
75,CdS3,2014,F,LS,16.0,6,6,26,0,0000-00-00
76,CdS4,2013,M,LS,14.0,60,60,25,26,2014-02-06
77,CdS3,2012,M,AL,7.0,12,12,27,18,2015-01-15
78,CdS4,2015,M,IT,14.0,36,36,23,0,0000-00-00
79,CdS3,2016,M,LS,7.5,3,0,0,0,0000-00-00
80,CdS4,2012,M,IT,10.0,39,36,24,21,2017-01-19
81,CdS3,2011,F,AL,9.0,9,6,20,19,2014-07-10
82,CdS3,2011,M,LC,5.0,6,6,21,0,0000-00-00
83,CdS4,2014,M,LC,10.0,39,36,25,0,0000-00-00
84,CdS4,2014,F,LS,12.0,51,48,26,18,2015-01-15
85,CdS3,2012,M,AL,16.0,6,6,22,0,0000-00-00
86,CdS4,2016,M,LS,8.25,36,36,20,18,2017-02-23
87,CdS4,2016,M,IT,8.25,39,36,23,19,2017-02-23
88,CdS3,2012,F,LC,9.0,12,12,25,0,0000-00-00
89,CdS3,2010,F,LC,8.0,24,24,28,0,0000-00-00
90,CdS3,2015,M,LS,17.0,45,42,26,26,2016-06-14
91,CdS3,2015,F,LS,15.0,48,45,28,27,2016-06-14
92,CdS4,2015,M,LS,12.0,51,48,23,0,0000-00-00
93,CdS4,2013,F,LS,22.0,51,48,30,31,2014-02-06
94,CdS3,2015,F,LS,16.0,48,45,27,24,2016-06-14
95,CdS3,2012,M,LS,22.0,6,6,30,0,0000-00-00
96,CdS4,2011,M,IT,14.0,12,12,24,0,0000-00-00
97,CdS3,2014,M,LS,17.0,6,6,26,0,0000-00-00
98,CdS3,2015,M,LL,11.0,36,33,24,21,2016-06-14
99,CdS3,2011,F,AL,9.0,2,0,0,0,0000-00-00
100,CdS4,2011,M,LC,9.0,24,24,25,24,2015-06-18
101,CdS4,2015,M,LS,15.0,63,60,24,22,2016-06-20
102,CdS4,2014,M,AL,9.0,27,24,24,24,2015-02-26
103,CdS3,2012,F,LS,15.0,33,33,24,28,2014-09-17
104,CdS3,2016,F,AL,3.75,9,6,31,0,0000-00-00
105,CdS3,2011,F,LS,14.0,9,6,29,0,0000-00-00
106,CdS4,2011,F,LS,9.0,3,0,0,0,0000-00-00
107,CdS3,2015,M,LS,18.0,30,30,23,26,2016-06-14
108,CdS4,2013,M,IT,9.0,39,36,22,18,2014-02-27
109,CdS4,2010,M,LS,17.0,48,48,26,22,2011-03-04
110,CdS4,2013,M,IT,12.0,51,48,22,18,2014-02-06
111,CdS4,2015,M,LS,23.0,63,60,29,30,2016-01-19
112,CdS3,2012,F,LS,10.0,12,12,29,24,2014-09-17
113,CdS3,2015,M,LS,21.0,15,12,20,20,2016-06-14
114,CdS4,2012,M,IT,10.0,15,12,23,0,0000-00-00
115,CdS4,2010,M,IT,15.0,42,39,25,21,2014-02-06
116,CdS3,2016,F,LS,14.75,24,24,30,30,2017-06-13
117,CdS4,2016,M,LS,7.75,15,12,25,0,0000-00-00
118,CdS3,2016,M,LS,7.25,57,54,25,20,2017-06-13
119,CdS3,2015,M,LS,18.0,48,45,26,27,2016-06-14
120,CdS4,2014,M,LS,16.0,27,24,27,18,2016-01-19
121,CdS3,2016,F,LS,9.5,48,45,26,24,2017-06-13
122,CdS4,2015,F,LC,10.0,39,36,20,18,2016-02-24
123,CdS4,2013,F,LS,11.0,39,36,22,18,2014-02-27
124,CdS4,2010,F,LC,16.0,60,57,26,25,2011-03-04
125,CdS3,2015,F,TC,12.0,6,6,30,0,0000-00-00
126,CdS3,2014,F,AL,9.0,3,0,0,0,0000-00-00
127,CdS3,2016,F,IA,3.5,33,30,28,0,0000-00-00
128,CdS4,2015,M,LS,18.0,48,48,25,0,0000-00-00
129,CdS3,2016,M,LS,2.75,15,12,24,0,0000-00-00
130,CdS3,2014,F,LS,8.0,12,12,27,0,0000-00-00
131,CdS4,2013,F,LS,22.0,48,48,28,25,2014-02-06
132,CdS3,2010,M,LC,9.0,12,12,25,22,2014-07-10
133,CdS4,2014,M,LS,10.0,39,36,24,19,2016-01-19
134,CdS3,2015,M,TC,10.0,36,33,24,18,2016-07-28
135,CdS3,2014,M,LS,5.0,15,15,28,0,0000-00-00
136,CdS4,2013,M,LS,16.0,12,12,23,0,0000-00-00
137,CdS3,2016,M,LC,7.75,6,6,25,0,0000-00-00
138,CdS4,2015,M,LS,18.0,51,48,27,0,0000-00-00
139,CdS3,2011,M,LS,16.0,18,18,23,21,2012-02-10
140,CdS4,2013,F,IT,8.0,39,36,24,18,2016-07-11
141,CdS3,2013,F,AL,16.0,24,21,27,0,0000-00-00
142,CdS4,2012,M,LS,15.0,39,36,24,0,0000-00-00
143,CdS4,2012,F,LC,17.0,36,36,27,22,2013-01-15
144,CdS4,2012,M,IT,12.0,3,0,0,0,0000-00-00
145,CdS4,2011,M,LS,12.0,24,24,21,18,2012-02-10
146,CdS3,2016,M,LS,1.5,21,21,22,0,0000-00-00
147,CdS4,2016,F,AL,0.75,24,24,24,0,0000-00-00
148,CdS3,2015,M,TC,16.0,42,42,24,18,2016-06-29
149,CdS4,2013,F,IT,10.0,27,24,24,0,0000-00-00
150,CdS3,2013,F,LS,20.0,33,33,27,27,2014-02-06
151,CdS3,2011,F,LS,11.0,15,12,27,0,0000-00-00
152,CdS3,2012,M,IT,14.0,18,18,25,18,2015-02-26
153,CdS3,2013,M,LC,22.0,15,15,28,0,0000-00-00
154,CdS4,2016,F,LS,1.75,27,24,23,0,0000-00-00
155,CdS4,2010,M,LS,14.0,6,3,25,0,0000-00-00
156,CdS3,2013,M,AL,7.0,6,6,27,0,0000-00-00
157,CdS3,2016,F,LS,4.5,54,54,24,18,2017-06-13
158,CdS4,2014,M,IT,15.0,51,48,28,25,2015-09-17
159,CdS3,2014,F,AL,6.0,9,6,22,0,0000-00-00
160,CdS3,2012,M,IT,10.0,33,33,27,0,0000-00-00
161,CdS3,2011,M,LS,11.0,27,24,24,20,2014-02-27
162,CdS3,2014,M,LS,13.0,15,15,30,0,0000-00-00
163,CdS3,2015,M,LS,22.0,51,48,27,26,2016-06-29
164,CdS4,2016,M,LS,5.0,51,48,22,19,2017-01-19
165,CdS3,2016,F,AL,2.5,12,12,29,0,0000-00-00
166,CdS3,2014,M,LS,18.0,12,12,25,25,2015-07-15
167,CdS3,2014,F,LS,8.0,6,6,24,0,0000-00-00
168,CdS3,2011,M,LS,11.0,15,15,31,23,2014-07-10
169,CdS4,2013,F,LS,10.0,39,36,21,19,2014-02-27
170,CdS4,2012,M,IT,16.0,36,36,24,24,2014-09-17
171,CdS4,2013,M,LS,12.0,39,36,24,25,2014-02-27
172,CdS3,2014,F,LS,9.0,12,12,26,0,0000-00-00
173,CdS4,2012,M,IT,5.0,36,36,23,22,2014-07-10
174,CdS4,2014,M,IT,6.0,12,12,23,0,0000-00-00
175,CdS4,2010,M,IT,20.0,30,27,24,18,2015-01-15
176,CdS4,2012,F,AL,13.0,51,48,25,21,2013-02-07
177,CdS3,2012,F,LS,10.0,21,21,24,0,0000-00-00
178,CdS4,2013,M,IT,18.0,24,24,23,0,0000-00-00
179,CdS4,2013,M,LS,20.0,51,48,25,24,2014-02-27
180,CdS4,2014,M,IT,6.0,15,12,23,0,0000-00-00
181,CdS3,2016,F,LS,10.5,21,18,22,24,2017-06-27
182,CdS3,2012,F,LS,10.0,3,0,0,0,0000-00-00
183,CdS3,2014,F,LS,14.0,9,6,27,0,0000-00-00
184,CdS3,2016,M,IP,1.75,9,6,26,0,0000-00-00
185,CdS4,2013,M,AL,12.0,27,24,27,0,0000-00-00
186,CdS4,2013,F,LS,12.0,3,0,0,0,0000-00-00
187,CdS3,2013,M,LS,9.0,21,18,28,31,2014-09-17
188,CdS4,2010,M,IT,6.0,18,18,22,26,2014-02-27
189,CdS3,2011,M,IT,11.0,15,15,24,20,2013-02-28
190,CdS4,2012,M,IT,15.0,36,36,23,19,2014-02-27
191,CdS3,2012,F,AL,11.0,33,33,24,19,2015-01-15
192,CdS3,2015,M,IT,5.0,6,6,27,0,0000-00-00
193,CdS4,2010,M,LS,11.0,3,0,0,0,0000-00-00
194,CdS3,2014,F,AL,6.0,6,6,23,0,0000-00-00
195,CdS3,2013,M,AL,14.0,45,42,28,18,2016-06-29
196,CdS3,2012,F,LS,7.0,18,18,19,0,0000-00-00
197,CdS3,2016,F,LS,7.0,48,45,26,26,2017-06-27
198,CdS4,2010,M,IA,9.0,33,30,25,20,2016-01-19
199,CdS4,2011,M,LS,11.0,3,0,0,0,0000-00-00
200,CdS4,2014,M,LS,8.0,12,12,20,0,0000-00-00
201,CdS4,2014,M,IT,18.0,51,48,22,18,2015-02-26
202,CdS3,2010,M,LS,22.0,21,21,28,27,2011-02-25
203,CdS3,2015,M,LS,14.0,9,6,30,0,0000-00-00
204,CdS4,2015,M,LS,15.0,39,36,26,30,2016-07-11
205,CdS3,2011,F,AL,10.0,8,6,28,0,0000-00-00
206,CdS4,2012,F,LS,7.0,15,12,28,18,2015-09-17
207,CdS3,2014,M,LS,22.0,27,27,23,0,0000-00-00
208,CdS4,2012,M,IT,8.0,15,12,21,0,0000-00-00
209,CdS4,2014,M,LS,11.0,36,36,27,0,0000-00-00
210,CdS3,2015,M,IT,6.0,21,18,27,0,0000-00-00
211,CdS4,2013,M,IT,11.0,39,36,26,28,2014-02-27
212,CdS3,2016,F,LL,5.0,36,36,30,28,2017-06-13
213,CdS3,2012,M,LS,18.0,6,6,29,0,0000-00-00
214,CdS4,2012,M,IT,18.0,27,24,25,19,2014-02-27
215,CdS3,2016,M,LS,7.0,36,33,24,19,2017-06-27
216,CdS4,2014,F,IA,14.0,51,48,24,18,2015-02-05
217,CdS3,2016,F,LS,8.0,15,12,26,0,0000-00-00
218,CdS3,2013,F,AL,5.0,6,6,28,0,0000-00-00
219,CdS4,2011,F,LC,8.0,12,12,26,18,2015-02-26
220,CdS4,2010,M,IT,15.0,57,57,26,22,2011-03-04
221,CdS3,2014,F,LS,24.0,45,45,29,27,2015-01-14
222,CdS4,2016,M,IT,3.75,12,12,26,0,0000-00-00
223,CdS3,2011,F,IT,15.0,18,15,26,18,2014-09-17
224,CdS3,2015,M,LS,19.0,18,15,26,21,2017-02-15
225,CdS3,2016,F,IT,3.75,21,21,27,0,0000-00-00
226,CdS4,2013,M,IT,15.0,51,48,26,27,2014-02-27
227,CdS3,2016,M,IA,4.25,6,6,28,0,0000-00-00
228,CdS3,2012,F,LC,10.0,24,21,29,30,2014-07-10
229,CdS4,2013,F,IT,15.0,39,36,22,19,2014-02-06
230,CdS3,2016,F,LS,9.25,3,0,0,0,0000-00-00
231,CdS4,2012,M,IT,10.0,15,12,20,0,0000-00-00
232,CdS3,2011,F,LS,15.0,12,12,26,19,2013-06-18
233,CdS4,2016,F,IT,6.75,27,24,22,20,2017-01-19
234,CdS4,2011,M,TC,17.0,12,12,26,26,2015-06-18
235,CdS3,2016,F,AL,0.0,3,0,0,0,0000-00-00
236,CdS4,2014,M,TC,7.0,15,12,22,0,0000-00-00
237,CdS3,2015,M,IT,19.0,24,24,27,27,2016-06-14
238,CdS3,2011,F,LS,9.0,36,36,26,18,2013-01-15
239,CdS3,2014,F,IT,6.0,24,24,22,19,2015-06-09
240,CdS3,2012,F,AL,7.0,6,6,26,0,0000-00-00
241,CdS4,2016,F,LC,4.75,27,24,27,0,0000-00-00
242,CdS4,2016,M,IT,10.5,63,60,25,20,2017-01-19
243,CdS4,2013,M,LS,18.0,36,36,26,26,2014-02-27
244,CdS4,2010,M,IT,17.0,33,30,25,0,0000-00-00
245,CdS3,2014,F,IT,13.0,6,6,27,0,0000-00-00
246,CdS4,2011,M,LS,16.0,39,36,23,19,2012-02-10
247,CdS4,2016,F,LS,7.75,39,36,25,0,0000-00-00
248,CdS4,2010,F,IT,12.0,24,21,26,0,0000-00-00
249,CdS3,2015,F,LC,11.0,12,12,21,0,0000-00-00
250,CdS3,2012,F,AL,16.0,12,12,18,0,0000-00-00
251,CdS4,2015,M,LS,19.0,36,36,23,18,2016-09-06
252,CdS3,2014,M,LS,7.0,21,21,26,0,0000-00-00
253,CdS3,2010,M,TC,9.0,6,6,21,0,0000-00-00
254,CdS4,2016,F,LL,5.25,36,36,24,0,0000-00-00
255,CdS4,2014,M,LS,12.0,36,36,20,18,2015-02-26
256,CdS3,2016,M,IA,10.25,33,30,27,0,0000-00-00
257,CdS4,2014,M,LS,18.0,63,60,27,28,2015-01-15
258,CdS4,2015,M,LS,19.0,60,60,23,23,2016-01-19
259,CdS3,2011,M,LS,14.0,15,15,30,0,0000-00-00
260,CdS3,2015,F,IT,9.0,36,33,22,18,2016-07-13
261,CdS3,2013,M,IT,17.0,18,15,26,24,2016-07-19
262,CdS4,2014,M,TC,6.0,27,24,20,18,2016-07-11
263,CdS4,2011,M,LS,12.0,15,12,24,0,0000-00-00
264,CdS3,2013,F,AL,7.0,12,12,18,0,0000-00-00
265,CdS4,2015,M,IT,11.0,48,48,25,20,2016-01-19
266,CdS3,2015,M,TC,17.0,57,54,30,30,2016-06-14
267,CdS3,2016,F,LC,1.25,9,6,31,0,0000-00-00
268,CdS3,2014,M,LS,13.0,27,24,26,0,0000-00-00
269,CdS3,2016,F,AL,3.75,24,24,25,23,2017-06-27
270,CdS3,2013,M,LS,17.0,27,27,20,19,2014-07-10
271,CdS3,2012,F,AL,12.0,24,24,29,24,2014-09-17
272,CdS3,2010,F,LS,16.0,39,39,26,19,2011-02-25
273,CdS4,2016,M,LS,1.5,12,12,24,0,0000-00-00
274,CdS4,2012,M,LS,11.0,24,24,21,18,2013-02-28
275,CdS4,2011,F,IT,16.0,15,12,26,0,0000-00-00
276,CdS4,2011,M,IT,17.0,24,24,21,24,2015-02-05
277,CdS3,2012,M,AL,14.0,39,36,22,22,2013-02-07
278,CdS3,2015,M,LS,9.0,6,6,27,0,0000-00-00
279,CdS3,2014,M,LC,7.0,21,21,23,0,0000-00-00
280,CdS3,2013,F,LC,7.0,6,6,24,0,0000-00-00
281,CdS3,2014,F,LS,14.0,9,6,24,24,2016-06-14
282,CdS4,2012,F,LS,8.0,48,48,23,18,2013-01-15
283,CdS3,2016,M,IT,7.0,33,33,29,26,2017-06-13
284,CdS4,2012,F,IP,9.0,27,24,24,18,2016-06-20
285,CdS3,2014,M,LS,18.0,24,24,24,0,0000-00-00
286,CdS3,2013,F,LS,18.0,36,33,30,26,2016-06-29
287,CdS3,2015,F,LS,15.0,18,18,26,25,2016-06-14
288,CdS3,2016,F,AL,1.75,12,12,30,0,0000-00-00
289,CdS3,2014,M,IP,8.0,12,12,27,0,0000-00-00
290,CdS3,2013,M,LS,14.0,12,12,23,0,0000-00-00
291,CdS4,2012,F,IT,14.0,39,36,27,20,2015-09-17
292,CdS3,2011,F,LC,7.0,18,15,30,18,2014-07-10
293,CdS4,2014,F,LC,15.0,39,36,24,19,2016-02-08
294,CdS4,2013,M,LS,13.0,27,24,28,22,2017-02-02
295,CdS4,2010,M,IP,16.0,48,45,27,21,2014-02-06
296,CdS3,2013,M,LS,14.0,12,12,27,0,0000-00-00
297,CdS4,2016,F,AL,2.0,27,24,22,0,0000-00-00
298,CdS3,2012,F,LS,11.0,12,12,29,0,0000-00-00
299,CdS4,2016,F,LS,-1.5,24,24,22,0,0000-00-00
300,CdS3,2016,F,LC,-0.25,9,6,26,0,0000-00-00
301,CdS3,2011,M,TC,10.0,15,12,23,18,2014-09-17
302,CdS3,2012,F,LS,17.0,36,33,29,28,2014-07-10
303,CdS3,2016,M,LS,7.0,3,0,0,0,0000-00-00
304,CdS4,2010,M,LL,13.0,51,48,25,18,2011-02-25
305,CdS4,2011,F,TC,4.0,15,12,27,24,2016-01-19
306,CdS4,2013,M,LS,15.0,39,36,27,28,2014-02-27
307,CdS3,2014,M,LC,17.0,51,48,27,20,2015-02-10
308,CdS4,2013,M,IT,7.0,3,0,0,0,0000-00-00
309,CdS3,2016,M,LS,10.0,54,54,30,28,2017-06-13
310,CdS3,2015,M,IA,8.0,6,6,22,0,0000-00-00
311,CdS4,2010,F,LS,19.0,42,39,24,18,2011-03-04
312,CdS3,2015,M,IT,12.0,3,0,0,0,0000-00-00
313,CdS4,2014,F,IT,13.0,12,12,23,0,0000-00-00
314,CdS3,2013,F,LC,11.0,24,21,28,18,2017-06-13
315,CdS4,2011,F,LS,11.0,24,24,25,18,2015-02-26
316,CdS3,2016,M,IT,2.25,6,6,29,0,0000-00-00
317,CdS4,2016,F,LS,-1.25,27,24,26,0,0000-00-00
318,CdS4,2016,F,LL,7.25,63,60,25,20,2017-02-02
319,CdS4,2013,F,LS,22.0,51,48,28,26,2014-02-06
320,CdS3,2016,F,IP,0.75,9,6,18,0,0000-00-00
321,CdS3,2011,F,LS,13.0,51,48,25,18,2012-01-18
322,CdS4,2013,F,AL,15.0,51,48,25,28,2014-02-06
323,CdS3,2012,F,AL,11.0,6,6,28,0,0000-00-00
324,CdS3,2010,F,LS,11.0,12,12,27,0,0000-00-00
325,CdS3,2010,M,LS,19.0,60,60,29,24,2011-02-25
326,CdS4,2013,F,LS,4.0,15,12,20,20,2014-06-17
327,CdS3,2013,M,AL,11.0,6,6,18,0,0000-00-00
328,CdS3,2011,F,IT,13.0,6,6,25,0,0000-00-00
329,CdS4,2016,M,LS,6.0,24,24,23,0,0000-00-00
330,CdS4,2012,M,AL,10.0,27,24,25,0,0000-00-00
331,CdS3,2013,M,LS,12.0,15,12,30,0,0000-00-00
332,CdS3,2015,F,LC,8.0,33,33,24,18,2016-07-13
333,CdS3,2010,M,LS,6.0,6,6,27,0,0000-00-00
334,CdS4,2014,M,IT,12.0,51,48,23,18,2015-02-26
335,CdS4,2016,M,TC,3.75,12,12,24,0,0000-00-00
336,CdS4,2012,F,AL,8.0,3,0,0,0,0000-00-00
337,CdS3,2014,M,TC,5.0,6,6,27,0,0000-00-00
338,CdS4,2014,M,LS,12.0,39,36,22,20,2015-01-15
339,CdS4,2010,M,IT,15.0,39,39,27,18,2015-06-18
340,CdS3,2015,F,LS,13.0,27,27,21,18,2016-06-29
341,CdS3,2016,F,LL,-0.75,3,0,0,0,0000-00-00
342,CdS3,2011,F,AL,8.0,12,12,18,0,0000-00-00
343,CdS3,2014,F,AL,6.0,9,9,26,0,0000-00-00
344,CdS3,2015,M,LS,13.0,15,15,23,0,0000-00-00
345,CdS3,2014,F,AL,12.0,33,33,28,0,0000-00-00
346,CdS4,2013,M,LS,10.0,27,24,25,0,0000-00-00
347,CdS4,2016,M,LS,8.5,36,36,22,18,2017-01-19
348,CdS4,2014,M,LS,10.0,12,12,22,0,0000-00-00
349,CdS4,2015,F,LS,14.0,51,48,26,0,0000-00-00
350,CdS4,2015,M,IT,15.0,24,24,25,0,0000-00-00
351,CdS3,2014,M,LS,17.0,6,6,28,0,0000-00-00
352,CdS3,2012,F,LC,13.0,24,21,28,18,2015-02-05
353,CdS3,2013,F,AL,7.0,51,48,25,19,2014-07-10
354,CdS3,2011,M,LS,13.0,30,27,20,19,2012-01-18
355,CdS3,2012,F,IT,8.0,33,33,26,19,2014-09-17
356,CdS4,2015,M,IT,8.0,24,24,24,19,2017-01-19
357,CdS3,2010,F,IT,11.0,6,6,28,0,0000-00-00
358,CdS3,2015,F,AL,10.0,18,15,22,0,0000-00-00
359,CdS4,2013,M,LS,10.0,48,48,26,29,2014-02-27
360,CdS4,2014,F,LS,18.0,27,24,29,0,0000-00-00
361,CdS3,2015,M,LS,19.0,45,42,24,24,2016-06-14
362,CdS3,2012,M,IT,13.0,33,33,27,21,2014-09-17
363,CdS3,2015,M,TC,7.0,12,12,22,22,2016-06-14
364,CdS4,2011,M,LS,11.0,3,0,0,0,0000-00-00
365,CdS3,2015,F,AL,8.0,9,6,24,0,0000-00-00
366,CdS4,2013,M,LS,21.0,39,36,23,19,2014-07-10
367,CdS3,2016,M,LS,13.5,9,6,27,0,0000-00-00
368,CdS3,2010,M,LS,11.0,18,18,28,0,0000-00-00
369,CdS3,2012,F,LS,10.0,12,12,20,0,0000-00-00
370,CdS3,2012,M,LS,12.0,6,6,30,0,0000-00-00
371,CdS4,2016,M,AL,2.25,12,12,25,0,0000-00-00
372,CdS4,2013,M,LC,16.0,27,24,20,18,2014-07-10
373,CdS3,2011,M,IP,6.0,3,0,0,19,2014-07-10
374,CdS3,2011,F,AL,0.0,6,6,23,0,0000-00-00
375,CdS4,2013,M,IT,12.0,39,36,24,22,2014-02-06
376,CdS3,2012,M,IT,12.0,33,30,26,22,2016-07-13
377,CdS3,2011,F,LS,10.0,27,24,20,18,2012-06-11
378,CdS3,2013,F,AL,9.0,3,0,0,0,0000-00-00
379,CdS4,2010,M,LS,13.0,39,39,26,18,2014-02-06
380,CdS4,2014,F,LS,9.0,24,24,27,18,2016-02-08
381,CdS4,2013,M,IT,17.0,12,12,25,0,0000-00-00
382,CdS4,2012,M,LS,10.0,27,24,21,20,2013-02-07
383,CdS4,2012,M,LC,13.0,39,36,23,22,2013-02-07
384,CdS4,2011,M,LS,19.0,60,60,28,21,2012-02-10
385,CdS4,2011,M,LS,5.0,3,0,0,18,2015-06-18
386,CdS3,2014,F,TC,5.0,6,6,25,0,0000-00-00
387,CdS3,2015,F,LS,5.0,9,6,25,0,0000-00-00
388,CdS3,2010,M,LC,9.0,6,6,30,0,0000-00-00
389,CdS4,2015,F,LS,10.0,12,12,24,0,0000-00-00
390,CdS4,2013,M,LS,17.0,24,24,21,18,2014-02-06
391,CdS3,2013,M,LS,16.0,30,27,24,22,2014-09-17
392,CdS3,2014,M,TC,11.0,24,24,26,0,0000-00-00
393,CdS3,2014,M,LS,16.0,21,21,29,0,0000-00-00
394,CdS3,2010,M,LS,14.0,33,33,28,22,2011-06-23
395,CdS4,2014,M,LS,14.0,39,36,23,18,2015-01-15
396,CdS4,2013,M,LS,8.0,27,24,25,0,0000-00-00
397,CdS3,2016,M,LS,8.5,36,36,27,24,2017-06-27
398,CdS3,2012,M,IT,12.0,15,15,20,0,0000-00-00
399,CdS3,2010,M,AL,12.0,6,6,27,0,0000-00-00
400,CdS3,2014,F,LS,18.0,33,33,25,27,2015-06-09
401,CdS3,2014,F,TC,10.0,24,21,28,21,2016-06-29
402,CdS3,2010,M,LS,21.0,20,18,30,24,2013-07-02
403,CdS4,2015,M,IT,17.0,51,48,25,0,0000-00-00
404,CdS4,2012,M,IT,17.0,39,36,27,19,2015-02-26
405,CdS3,2014,M,LC,18.0,42,39,27,24,2015-06-09
406,CdS4,2016,M,LS,12.75,24,24,25,0,0000-00-00
407,CdS4,2012,M,IT,9.0,27,24,22,19,2013-02-07
408,CdS3,2015,M,TC,7.0,6,6,26,0,0000-00-00
409,CdS3,2015,F,AL,9.0,18,15,26,0,0000-00-00
410,CdS3,2011,F,LS,14.0,6,6,31,0,0000-00-00
411,CdS3,2015,F,LS,16.0,51,48,28,30,2016-06-14
412,CdS3,2013,M,AL,21.0,24,24,28,28,2014-02-06
413,CdS3,2012,F,IT,9.0,21,21,24,0,0000-00-00
414,CdS4,2013,M,IT,13.0,48,48,23,23,2014-02-27
415,CdS3,2014,F,TC,10.0,24,24,25,0,0000-00-00
416,CdS4,2010,M,TC,21.0,60,57,28,21,2011-02-25
417,CdS4,2015,M,LS,21.0,51,48,24,20,2016-07-11
418,CdS4,2011,M,TC,13.0,27,24,26,18,2016-01-19
419,CdS4,2013,M,LS,10.0,27,24,24,23,2014-02-27
420,CdS3,2011,F,TC,12.0,9,6,25,18,2014-07-10
421,CdS3,2012,M,LS,11.0,6,6,22,0,0000-00-00
422,CdS3,2016,M,LS,9.25,9,6,25,0,0000-00-00
423,CdS4,2013,F,LS,12.0,12,12,26,0,0000-00-00
424,CdS4,2011,F,TC,14.0,27,24,24,19,2012-02-10
425,CdS3,2016,F,LS,4.75,24,21,23,20,2017-09-13
426,CdS4,2014,M,TC,13.0,51,48,23,20,2015-02-05
427,CdS4,2014,F,AL,7.0,24,24,18,0,0000-00-00
428,CdS3,2010,F,IA,14.0,20,18,26,19,2012-01-18
429,CdS4,2010,M,LS,12.0,33,30,24,23,2014-07-10
430,CdS4,2012,M,LS,21.0,51,48,24,18,2013-01-15
431,CdS4,2015,F,IT,8.0,24,24,24,0,0000-00-00
432,CdS3,2016,F,LS,7.5,24,21,24,0,0000-00-00
433,CdS4,2010,M,LS,12.0,51,48,25,25,2014-02-06
434,CdS4,2015,F,IA,11.0,3,0,0,0,0000-00-00
435,CdS4,2014,M,TC,11.0,51,48,24,20,2015-02-05
436,CdS3,2014,F,LS,14.0,30,30,26,0,0000-00-00
437,CdS3,2011,M,LS,12.0,6,6,25,0,0000-00-00
438,CdS4,2013,M,AL,8.0,12,12,24,0,0000-00-00
439,CdS3,2011,F,LC,9.0,33,33,23,18,2012-09-14
440,CdS4,2015,M,LS,17.0,39,36,22,18,2016-06-20
441,CdS3,2013,M,LS,19.0,42,39,23,18,2014-06-17
442,CdS3,2013,F,LS,15.0,18,18,30,30,2014-02-27
443,CdS3,2012,F,AL,8.0,3,0,0,0,0000-00-00
444,CdS4,2013,F,LS,11.0,27,24,23,18,2014-06-17
445,CdS4,2016,F,LL,1.25,51,48,23,20,2017-02-02
446,CdS3,2014,F,TC,8.0,6,6,22,0,0000-00-00
447,CdS3,2016,F,IT,5.5,57,54,23,18,2017-06-13
448,CdS3,2014,M,LS,19.0,24,24,21,20,2015-07-23
449,CdS3,2014,F,AL,8.0,6,6,22,0,0000-00-00
450,CdS3,2014,F,LS,15.0,9,9,21,0,0000-00-00
451,CdS4,2012,M,IT,13.0,51,48,26,18,2013-01-15
452,CdS4,2014,F,LL,10.0,12,12,22,0,0000-00-00
453,CdS3,2011,M,LS,10.0,12,12,22,0,0000-00-00
454,CdS3,2016,F,LC,4.25,42,42,24,21,2017-09-13
455,CdS4,2014,F,AL,6.0,39,36,23,20,2016-02-08
456,CdS4,2011,M,IT,7.0,39,36,28,23,2015-01-15
457,CdS3,2013,F,LS,12.0,24,21,29,0,0000-00-00
458,CdS4,2011,M,LC,11.0,24,24,24,18,2015-02-26
459,CdS4,2011,M,TC,8.0,15,12,26,18,2016-06-20
460,CdS3,2014,M,IT,14.0,15,15,24,0,0000-00-00
461,CdS3,2015,F,AL,8.0,18,15,24,0,0000-00-00
462,CdS3,2010,F,AL,10.0,6,6,27,0,0000-00-00
463,CdS4,2011,F,LS,21.0,51,48,25,22,2012-01-18
464,CdS3,2013,M,LS,16.0,24,24,22,25,2014-02-06
465,CdS4,2010,M,LC,8.0,30,27,26,21,2016-02-24
466,CdS3,2015,F,LS,15.0,36,33,26,19,2016-06-14
467,CdS4,2013,M,LS,17.0,39,36,22,24,2014-02-06
468,CdS4,2014,F,AL,8.0,15,12,28,0,0000-00-00
469,CdS3,2012,F,AL,10.0,12,12,28,30,2015-06-18
470,CdS3,2016,M,LS,7.25,27,24,23,19,2017-06-27
471,CdS4,2013,M,AL,9.0,3,0,0,0,0000-00-00
472,CdS3,2013,M,LC,15.0,33,33,25,28,2014-09-17
473,CdS4,2012,M,IT,7.0,12,12,24,0,0000-00-00
474,CdS3,2011,M,LS,23.0,33,33,28,27,2012-06-11
475,CdS4,2014,M,IT,12.0,39,36,24,22,2015-02-26
476,CdS3,2013,M,AL,7.0,6,6,25,0,0000-00-00
477,CdS3,2013,M,LS,13.0,39,36,23,19,2014-02-27
478,CdS3,2015,M,LS,20.0,24,24,25,27,2016-06-14
479,CdS3,2015,F,LS,8.0,6,6,27,0,0000-00-00
480,CdS3,2012,M,LS,12.0,33,33,25,28,2014-09-17
481,CdS4,2011,M,AL,8.0,12,12,25,0,0000-00-00
482,CdS4,2014,M,LS,21.0,51,48,26,24,2015-01-15
483,CdS4,2012,M,LS,7.0,12,12,27,0,0000-00-00
484,CdS4,2011,M,IP,11.0,15,12,25,20,2014-02-06
485,CdS3,2016,F,TC,2.25,45,42,23,18,2017-06-27
486,CdS3,2011,F,LL,8.0,6,6,23,0,0000-00-00
487,CdS3,2014,M,TC,14.0,12,12,29,0,0000-00-00
488,CdS3,2015,F,AL,9.0,33,30,26,0,0000-00-00
489,CdS3,2013,F,LS,15.0,15,15,22,0,0000-00-00
490,CdS4,2010,M,LC,9.0,60,57,26,20,2011-07-11
491,CdS4,2014,M,LS,9.0,24,24,23,23,2015-02-26
492,CdS4,2010,M,LS,18.0,48,48,25,21,2011-03-04
493,CdS4,2010,M,IT,20.0,33,30,26,23,2014-02-06
494,CdS3,2011,M,LL,12.0,24,24,27,0,0000-00-00
495,CdS4,2013,M,LS,21.0,48,48,27,26,2014-02-27
496,CdS3,2010,M,LS,16.0,6,6,20,0,0000-00-00
497,CdS3,2015,M,LS,17.0,36,36,27,26,2016-06-14
498,CdS4,2010,F,LS,19.0,33,30,26,23,2014-02-27
499,CdS3,2013,F,LS,12.0,12,12,24,0,0000-00-00
500,CdS4,2011,F,IT,9.0,15,12,26,0,0000-00-00
501,CdS3,2014,F,IT,5.0,6,6,26,0,0000-00-00
502,CdS3,2016,F,LS,6.0,27,24,27,23,2017-06-27
503,CdS3,2010,F,LS,16.0,18,18,27,0,0000-00-00
504,CdS3,2014,M,AL,10.0,21,21,26,0,0000-00-00
505,CdS3,2015,F,LL,6.0,6,6,30,0,0000-00-00
506,CdS4,2011,M,LS,15.0,27,24,27,23,2015-01-15
507,CdS3,2016,F,LS,1.25,24,24,26,24,2017-06-27
508,CdS3,2012,M,LS,12.0,24,21,25,21,2016-07-13
509,CdS4,2014,F,LS,16.0,63,60,27,26,2015-01-15
510,CdS4,2010,M,LS,15.0,51,48,26,20,2014-06-17
511,CdS3,2011,F,LS,13.0,6,6,18,0,0000-00-00
512,CdS3,2010,M,LS,15.0,32,30,25,21,2011-02-25
513,CdS3,2016,F,LS,8.5,30,27,26,23,2017-06-27
514,CdS3,2015,M,LS,19.0,30,27,26,26,2016-06-14
515,CdS4,2015,M,LS,20.0,24,24,25,24,2016-01-19
516,CdS3,2016,M,LS,5.5,18,18,24,23,2017-06-27
517,CdS3,2012,F,LC,3.0,12,12,30,0,0000-00-00
518,CdS3,2016,F,LL,0.0,18,15,25,0,0000-00-00
519,CdS3,2011,F,LS,8.0,6,6,28,0,0000-00-00
520,CdS3,2010,M,LS,10.0,14,12,27,0,0000-00-00
521,CdS3,2013,F,IT,5.0,3,0,0,19,2016-06-14
522,CdS3,2012,M,IT,12.0,3,0,0,0,0000-00-00
523,CdS3,2014,M,LS,9.0,21,21,30,0,0000-00-00
524,CdS4,2015,F,LS,19.0,27,24,27,20,2018-02-22
525,CdS3,2012,F,AL,7.0,6,6,24,0,0000-00-00
526,CdS4,2011,M,LS,12.0,27,24,22,21,2015-02-26
527,CdS3,2014,M,AL,11.0,3,0,0,0,0000-00-00
528,CdS3,2012,M,IT,9.0,9,9,24,0,0000-00-00
529,CdS3,2014,M,IT,11.0,6,6,26,0,0000-00-00
530,CdS3,2014,M,LS,16.0,12,12,26,0,0000-00-00
531,CdS3,2016,F,LC,4.5,42,42,27,20,2017-06-13
